[
  {
    "id": "da4afdac-0525-44e5-a9eb-6936e1c0daa3",
    "data": [
      {
        "text": "입학 방법은요?",
        "userDefined": false
      }
    ],
    "isTemplate": false,
    "count": 0,
    "updated": 0
  },
  {
    "id": "da38c445-fbba-4b97-905f-76f958fd0325",
    "data": [
      {
        "text": "입학문의요",
        "userDefined": false
      }
    ],
    "isTemplate": false,
    "count": 0,
    "updated": 0
  },
  {
    "id": "70fd87ba-0457-4675-bd53-844fa54c7f79",
    "data": [
      {
        "text": "입학 어떻게해요?",
        "userDefined": false
      }
    ],
    "isTemplate": false,
    "count": 0,
    "updated": 0
  },
  {
    "id": "f262bff3-3f85-442e-a9c0-be1ce64ab84b",
    "data": [
      {
        "text": "입학하고 싶어요",
        "userDefined": false
      }
    ],
    "isTemplate": false,
    "count": 0,
    "updated": 0
  }
]